province,k,old_precision,tdmc_precision,improvement_precision,improvement_pct_precision,old_recall,tdmc_recall,improvement_recall,improvement_pct_recall,old_f1,tdmc_f1,improvement_f1,improvement_pct_f1,old_ndcg,tdmc_ndcg,improvement_ndcg,improvement_pct_ndcg,old_averageRating,tdmc_averageRating,improvement_averageRating,improvement_pct_averageRating,old_diversity,tdmc_diversity,improvement_diversity,improvement_pct_diversity,old_avgDistance,tdmc_avgDistance,improvement_avgDistance,improvement_pct_avgDistance,old_runtime,tdmc_runtime,improvement_runtime,improvement_pct_runtime
กำแพงเพชร,1,1.0,1.0,0.0,0.0,0.03125,0.03125,0.0,0.0,0.06060606060606061,0.06060606060606061,0.0,0.0,0.7500472601343988,0.8061960220451464,0.05614876191074758,7.486029867062836,4.6,4.7,0.10000000000000053,2.1739130434782727,0.0,0.0,0.0,0.0,0.0,0.0,0.0,0.0,0.11640000000261352,2.6287000000011176,-2.512299999998504,-2158.333333283587
กำแพงเพชร,2,1.0,1.0,0.0,0.0,0.0625,0.0625,0.0,0.0,0.11764705882352941,0.11764705882352941,0.0,0.0,0.7717685663023154,0.6599906836943281,-0.11177788260798727,-14.483342220522868,4.65,4.449999999999999,-0.20000000000000107,-4.301075268817227,0.0,0.0,0.0,0.0,21.753482264648504,8.675711711931305,13.0777705527172,60.11805555366109,1.235899999999674,1.4855999999999767,-0.24970000000030268,-20.203899991938552
กำแพงเพชร,3,1.0,1.0,0.0,0.0,0.09375,0.09375,0.0,0.0,0.17142857142857143,0.17142857142857143,0.0,0.0,0.7668172063252355,0.6278487517673629,-0.13896845455787266,-18.122761645352412,4.6000000000000005,4.366666666666666,-0.23333333333333428,-5.072463768115962,0.0,0.09458911311931129,0.09458911311931129,0.0,21.524326743873008,10.478652921087408,11.0456738227856,51.31716292092526,0.3702000000012049,2.8025999999990745,-2.4323999999978696,-657.0502431091174
กำแพงเพชร,4,0.75,1.0,0.25,33.33333333333333,0.09375,0.125,0.03125,33.33333333333333,0.16666666666666666,0.2222222222222222,0.05555555555555555,33.33333333333333,0.6509552106794488,0.6340533780785823,-0.01690183260086653,-2.596466288859547,3.45,4.35,0.8999999999999995,26.08695652173911,0.02128644612183095,0.11713590829660692,0.09584946217477597,450.2840052594533,22.62413249572979,10.419152609577404,12.204979886152385,53.94673094518,0.1371999999973923,3.126799999998184,-2.9896000000007916,-2179.0087463976774
กำแพงเพชร,5,0.8,1.0,0.19999999999999996,24.999999999999993,0.125,0.15625,0.03125,25.0,0.21621621621621623,0.2702702702702703,0.05405405405405406,25.0,0.7110977587696724,0.6722261025494273,-0.03887165622024513,-5.466429297639768,3.7600000000000002,4.4,0.6400000000000001,17.021276595744684,0.01702915689746476,0.22563863764663583,0.20860948074917107,1225.013557660204,24.93598044606271,13.980239012437597,10.955741433625114,43.93547491474305,0.12590000000272994,13.059699999997974,-12.933799999995244,-10273.073867922792
กำแพงเพชร,6,0.8333333333333334,1.0,0.16666666666666663,19.999999999999996,0.15625,0.1875,0.03125,20.0,0.2631578947368421,0.3157894736842105,0.05263157894736842,20.0,0.7522953009112479,0.7454057499994342,-0.006889550911813647,-0.915804060382725,3.9500000000000006,4.533333333333333,0.5833333333333326,14.767932489451455,0.02270554252995305,0.30731324717924513,0.2846077046492921,1253.472381352874,24.26259767953611,12.131906952355223,12.130690727180887,49.99749362127172,0.7539000000033411,9.262000000002445,-8.508099999999104,-1128.5448998489717
กำแพงเพชร,7,0.8571428571428571,1.0,0.1428571428571429,16.666666666666675,0.1875,0.21875,0.03125,16.666666666666664,0.30769230769230765,0.358974358974359,0.05128205128205132,16.666666666666682,0.751965378608533,0.7721434923745427,0.020178113766009753,2.6833833498223214,4.000000000000001,4.571428571428571,0.5714285714285703,14.285714285714255,0.02027280583031521,0.28580617226947225,0.26553336643915704,1309.8007678941422,26.274410168686384,11.084542333594708,15.189867835091675,57.81240278114722,0.11899999999877764,19.359599999999773,-19.240600000000995,-16168.571428738345
กำแพงเพชร,8,0.875,1.0,0.125,14.285714285714285,0.21875,0.25,0.03125,14.285714285714285,0.35,0.4,0.050000000000000044,14.285714285714299,0.7746676451633068,0.7828936213019537,0.008225976138646951,1.0618716542515265,4.1000000000000005,4.575,0.47499999999999964,11.585365853658526,0.018245525247283623,0.2482968683671506,0.23005134311986697,1260.864458556033,25.696805608100757,10.085984740170087,15.61082086793067,60.75004460091124,0.17070000000239816,16.686100000002625,-16.515400000000227,-9675.102518903457
กำแพงเพชร,9,0.8888888888888888,1.0,0.11111111111111116,12.500000000000005,0.25,0.28125,0.03125,12.5,0.3902439024390244,0.43902439024390244,0.04878048780487804,12.499999999999996,0.7730005861669398,0.8737375842274705,0.10073699806053071,13.031943295160092,4.122222222222223,4.622222222222223,0.5,12.129380053908354,0.031707639912939234,0.2574611298254734,0.2257534899125342,711.9845265443703,26.917684602474974,9.837974292681109,17.079710309793867,63.45163249376752,0.13799999999901047,21.703699999998207,-21.565699999999197,-15627.318840691183
กำแพงเพชร,10,0.9,1.0,0.09999999999999998,11.111111111111107,0.28125,0.3125,0.03125,11.11111111111111,0.4285714285714286,0.47619047619047616,0.04761904761904756,11.111111111111097,0.7685789500106218,0.8717534513794231,0.10317450136880124,13.424060256578112,4.130000000000001,4.61,0.47999999999999954,11.622276029055676,0.05748531802283674,0.2377220357826968,0.18023671775986005,313.53521900715384,25.32407133054215,9.075436400412539,16.24863493012961,64.16280667529519,0.6455999999998312,19.68449999999939,-19.038899999999558,-2949.0241635694756
นครสวรรค์,1,1.0,1.0,0.0,0.0,0.02,0.02,0.0,0.0,0.0392156862745098,0.0392156862745098,0.0,0.0,0.7500472601343988,0.6976586128377266,-0.05238864729667225,-6.9847128415994595,4.6,4.5,-0.09999999999999964,-2.173913043478253,0.0,0.0,0.0,0.0,0.0,0.0,0.0,0.0,0.17870000000039,1.9822000000021944,-1.8035000000018044,-1009.2333519853769
นครสวรรค์,2,1.0,1.0,0.0,0.0,0.04,0.04,0.0,0.0,0.07692307692307693,0.07692307692307693,0.0,0.0,0.7500472601343988,0.7179253081116644,-0.03212195202273438,-4.282657071099565,4.6,4.55,-0.04999999999999982,-1.0869565217391266,0.0,0.0,0.0,0.0,45.347434625817634,32.9739959805695,12.373438645248136,27.285862469061417,0.15390000000115833,2.333200000000943,-2.1792999999997846,-1416.0493827052514
นครสวรรค์,3,1.0,1.0,0.0,0.0,0.06,0.06,0.0,0.0,0.11320754716981131,0.11320754716981131,0.0,0.0,0.7377548213036799,0.6747201108867086,-0.06303471041697128,-8.544127208221184,4.566666666666666,4.466666666666667,-0.09999999999999964,-2.1897810218978027,0.0,0.11671084378403762,0.11671084378403762,0.0,47.81193310204469,11.60288240897161,36.20905069307308,75.73224578849876,0.16799999999784632,2.468400000001566,-2.3004000000037195,-1369.2857143054819
นครสวรรค์,4,1.0,1.0,0.0,0.0,0.08,0.08,0.0,0.0,0.14814814814814814,0.14814814814814814,0.0,0.0,0.7478139934581994,0.7031824315680469,-0.044631561890152494,-5.968270489798913,4.55,4.5,-0.04999999999999982,-1.098901098901095,0.0,0.10155932863252237,0.10155932863252237,0.0,63.04198464822734,25.62568964103404,37.4162950071933,59.35139132432975,0.1680000000014843,3.4444000000003143,-3.27639999999883,-1950.2380952201684
นครสวรรค์,5,1.0,1.0,0.0,0.0,0.1,0.1,0.0,0.0,0.18181818181818182,0.18181818181818182,0.0,0.0,0.760834020826585,0.6692079352257412,-0.09162608560084384,-12.0428481236025,4.54,4.4,-0.13999999999999968,-3.0837004405286272,0.0,0.0999945588850073,0.0999945588850073,0.0,53.03964225049914,13.325630601634254,39.71401164886489,74.87609260503855,0.30680000000211294,4.243700000002718,-3.9369000000006054,-1283.2138200695865
นครสวรรค์,6,1.0,1.0,0.0,0.0,0.12,0.12,0.0,0.0,0.21428571428571425,0.21428571428571425,0.0,0.0,0.7502198071142163,0.6946325156804807,-0.05558729143373564,-7.409467319658866,4.466666666666666,4.433333333333334,-0.03333333333333233,-0.7462686567163955,0.02904302360824096,0.10229062132176214,0.07324759771352118,252.20376053661707,55.41145811108573,7.545305959601385,47.86615215148434,86.38313046288191,0.30789999999979045,7.198200000002544,-6.890300000002753,-2237.836960054382
นครสวรรค์,7,1.0,1.0,0.0,0.0,0.14,0.14,0.0,0.0,0.24561403508771928,0.24561403508771928,0.0,0.0,0.7500564034026218,0.71978518053757,-0.030271222865051794,-4.035859533726631,4.442857142857142,4.471428571428572,0.028571428571430246,0.643086816720295,0.04149003372605853,0.07471429651643713,0.0332242627903786,80.07769530809404,54.55102527199641,4.425941989658153,50.12508328233825,91.88660164022582,0.31049999999959255,12.511600000001636,-12.201100000002043,-3929.5008051587934
นครสวรรค์,8,1.0,1.0,0.0,0.0,0.16,0.16,0.0,0.0,0.2758620689655173,0.2758620689655173,0.0,0.0,0.7581441561105997,0.7414805814095187,-0.01666357470108104,-2.1979427747049893,4.449999999999999,4.5,0.05000000000000071,1.1235955056179936,0.06439702316831153,0.07191133215796874,0.007514308989657215,11.668721037022802,50.927921521219766,4.339864657757169,46.5880568634626,91.47841787348634,0.565599999998085,9.651700000002165,-9.08610000000408,-1606.4533239099794
นครสวรรค์,9,1.0,1.0,0.0,0.0,0.18,0.18,0.0,0.0,0.3050847457627119,0.3050847457627119,0.0,0.0,0.7610670697779554,0.7527766756499873,-0.00829039412796806,-1.0893118960444337,4.444444444444444,4.511111111111111,0.06666666666666732,1.5000000000000149,0.07849588000242536,0.06827873261114048,-0.010217147391284875,-13.016157524406616,45.866387142471865,4.000309077623,41.866078064848864,91.27834275414565,1.1837999999988824,15.714099999997416,-14.530299999998533,-1227.4286197003084
นครสวรรค์,10,0.9,1.0,0.09999999999999998,11.111111111111107,0.18,0.2,0.020000000000000018,11.111111111111121,0.3,0.33333333333333337,0.03333333333333338,11.111111111111127,0.7501871415323775,0.7621894148957765,0.012002273363398985,1.5999039038289056,4.379999999999999,4.51,0.13000000000000078,2.9680365296803837,0.08420644439105573,0.06894558772397785,-0.015260856667077882,-18.12314577279416,47.690125244972094,3.856648643177125,43.83347660179497,91.91310858722534,0.42990000000281725,37.044700000002194,-36.61479999999938,-8517.050476799122
เชียงใหม่,1,1.0,1.0,0.0,0.0,0.0022271714922048997,0.0022271714922048997,0.0,0.0,0.0044444444444444444,0.0044444444444444444,0.0,0.0,0.8061960220451464,0.8061960220451464,0.0,0.0,4.7,4.7,0.0,0.0,0.0,0.0,0.0,0.0,0.0,0.0,0.0,0.0,19.648200000001452,32.5046999999995,-12.85649999999805,-65.43347482210635
เชียงใหม่,2,1.0,1.0,0.0,0.0,0.004454342984409799,0.004454342984409799,0.0,0.0,0.008869179600886918,0.008869179600886918,0.0,0.0,0.8544275702310179,0.8041005375227387,-0.05032703270827921,-5.8901461588689035,4.800000000000001,4.6,-0.20000000000000107,-4.166666666666688,0.0,0.6913933000758161,0.6913933000758161,0.0,49.78690067181496,7.825180351833296,41.961720319981666,84.2826521710695,2.5447000000003754,38.953700000000026,-36.40899999999965,-1430.777694816453
เชียงใหม่,3,1.0,1.0,0.0,0.0,0.0066815144766146995,0.0066815144766146995,0.0,0.0,0.013274336283185839,0.013274336283185839,0.0,0.0,0.829935840759017,0.800441943550181,-0.029493897208836106,-3.5537562978196595,4.733333333333333,4.6000000000000005,-0.13333333333333286,-2.8169014084506943,0.0,0.5188643078323485,0.5188643078323485,0.0,41.19118893787461,6.422272693539625,34.76891624433498,84.40862509886318,1.406200000001263,32.83320000000094,-31.42699999999968,-2234.888351583804
เชียงใหม่,4,1.0,1.0,0.0,0.0,0.008908685968819599,0.008908685968819599,0.0,0.0,0.017660044150110372,0.017660044150110372,0.0,0.0,0.825944523527131,0.7831612353877565,-0.04278328813937449,-5.179922733390352,4.7250000000000005,4.575,-0.15000000000000036,-3.174603174603182,0.0,0.40363209115304577,0.40363209115304577,0.0,40.0173068189513,16.59698188011074,23.420324938840558,58.525490095573396,4.625700000000506,41.4362000000001,-36.81049999999959,-795.782259982177
เชียงใหม่,5,1.0,1.0,0.0,0.0,0.011135857461024499,0.011135857461024499,0.0,0.0,0.02202643171806167,0.02202643171806167,0.0,0.0,0.8233534198594347,0.7965869485696517,-0.026766471289782934,-3.250909104665234,4.720000000000001,4.62,-0.10000000000000053,-2.1186440677966214,0.0,0.32869921703395055,0.32869921703395055,0.0,34.78706381388423,17.788284167646726,16.998779646237505,48.86523259675898,1.9478999999992084,56.56660000000011,-54.6187000000009,-2803.978643668725
เชียงใหม่,6,1.0,1.0,0.0,0.0,0.013363028953229399,0.013363028953229399,0.0,0.0,0.026373626373626374,0.026373626373626374,0.0,0.0,0.8098048828824432,0.8020901155199299,-0.007714767362513308,-0.9526698993284826,4.683333333333334,4.633333333333334,-0.04999999999999982,-1.0676156583629854,0.0,0.2768127862507157,0.2768127862507157,0.0,38.202333350399606,16.684252043778155,21.51808130662145,56.32661520764507,2.195799999999508,61.41599999999926,-59.22019999999975,-2696.9760451777493
เชียงใหม่,7,1.0,1.0,0.0,0.0,0.015590200445434299,0.015590200445434299,0.0,0.0,0.030701754385964914,0.030701754385964914,0.0,0.0,0.7995294310624741,0.7906086777824305,-0.008920753280043603,-1.1157504568892533,4.6571428571428575,4.6,-0.05714285714285783,-1.2269938650306895,0.0,0.23892340081818886,0.23892340081818886,0.0,41.10325521522259,20.906452526339642,20.196802688882947,49.136747401463865,3.013999999999214,57.707900000001246,-54.69390000000203,-1814.6615792971563
เชียงใหม่,8,1.0,0.875,-0.125,-12.5,0.017817371937639197,0.015590200445434299,-0.0022271714922048984,-12.499999999999993,0.0350109409190372,0.03063457330415755,-0.004376367614879646,-12.499999999999991,0.7955810240662,0.6945232007832135,-0.10105782328298651,-12.702392368093676,4.65,4.5125,-0.13750000000000018,-2.9569892473118315,0.0,0.24883476167236662,0.24883476167236662,0.0,53.52024577469095,19.034060026304637,34.48618574838631,64.43577612398484,1.9310999999997875,48.25920000000042,-46.32810000000063,-2399.052353581157
เชียงใหม่,9,1.0,0.8888888888888888,-0.11111111111111116,-11.111111111111116,0.0200445434298441,0.017817371937639197,-0.002227171492204902,-11.11111111111112,0.039301310043668124,0.034934497816593885,-0.004366812227074239,-11.11111111111112,0.7886524493680869,0.6947450492483045,-0.09390740011978238,-11.90732371338304,4.633333333333334,4.511111111111111,-0.12222222222222268,-2.6378896882494103,0.0,0.22266878803666035,0.22266878803666035,0.0,65.63326018318713,21.163897289455058,44.469362893732075,67.7543104968653,1.5614000000005035,51.80409999999938,-50.24269999999888,-3217.7981298823283
เชียงใหม่,10,1.0,0.9,-0.09999999999999998,-9.999999999999998,0.022271714922048998,0.0200445434298441,-0.0022271714922048984,-9.999999999999993,0.04357298474945533,0.0392156862745098,-0.00435729847494553,-9.999999999999993,0.7935972049864216,0.6873177481764355,-0.10627945680998607,-13.39211581671391,4.65,4.49,-0.16000000000000014,-3.440860215053766,0.0,0.2839783639234751,0.2839783639234751,0.0,60.16527835244163,22.379377486789856,37.785900865651776,62.80350045803178,2.7835999999988417,71.37879999999859,-68.59519999999975,-2464.2621066255315
